"Pilot-110 12"".15";"Pilot 110 12"" 2015";12
"Pilot-110 14"".15";"Pilot 110 14"" 2015";14
"Pilot-110 16"".15";"Pilot 110 16"" 2015";16
"Pilot-120 16"".15";"Pilot 120 16"" 2015";16
"Pilot-130 16"".15";"Pilot 130 16"" 2015";16
"Pilot-130 18"".15";"Pilot 130 18"" 2015";18
"Pilot-140 16"".15";"Pilot 140 16"" 2015";16
"Pilot-140 18"".15";"Pilot 140 18"" 2015";18
"Pilot-150 16"" (Army).15";"Pilot 150 16"" (Army) 2015";16
"Pilot-150 16"".15";"Pilot 150 16"" 2015";16
"Pilot-160 16"".15";"Pilot 160 16"" 2015";16
"Pilot-160 18"".15";"Pilot 160 18"" 2015";18
"Pilot-170 12"".15";"Pilot 170 12"" 2015";12
"Pilot-170 14"".15";"Pilot 170 14"" 2015";14
"Pilot-170 16"".15";"Pilot 170 16"" 2015";16
"Pilot-170 18"".15";"Pilot 170 18"" 2015";18
"Pilot-170 20"".15";"Pilot 170 20"" 2015";20
"Pilot-180 16"".15";"Pilot 180 16"" 2015";16
"Pilot-190 16"".15";"Pilot 190 16"" 2015";16
"Pilot-190 18"".15";"Pilot 190 18"" 2015";18
"Pilot-200 Gent 20"".15";Pilot 200 Boy 2015;20
"Pilot-200 Lady 20"".15";Pilot 200 Girl 2015;20
"Pilot-210 Gent 20"".15";Pilot 210 Boy 2015;20
"Pilot-210 Lady 20"".15";Pilot 210 Girl 2015;20
"Pilot-240 Gent 20"".15";Pilot 240 Boy 2015;20
"Pilot-240 Lady 20"" 1-sp.15";Pilot 240 Girl 1-ск 2015;20
"Pilot-240 Lady 20"" 3-sp.15";Pilot 240 Girl 3-ск 2015;20
"Pilot-250 20"".15";Pilot 250 2015;20
"Pilot-270 20"".15";Pilot 270 2015;20
"Pilot-290 20"".15";Pilot 290 2015;20
"Dolphin 12"".15";"Dolphin 12"" 2015";12
"Dolphin 14"".15";"Dolphin 14"" 2015";14
"Dolphin 16"".15";"Dolphin 16"" 2015";16
"ECHO 12"".15";"Echo 12"" 2015";12
"ECHO 16"".15";"Echo 16"" 2015";16
"Pilot-260 20"".15";Pilot 260 2015;20
"Talisman 16"" (black).15";"Talisman 16"" (black) 2015";16
"Talisman 16"" (chrome).15";"Talisman 16"" (chrome) 2015";16
"Talisman 18"" (black).15";"Talisman 18"" (black) 2015";18
"Joy 12"".15";"Joy 12"" 2015";12
"Joy 14"".15";"Joy 14"" 2015";14
"Joy 16"".15";"Joy 16"" 2015";16
"Arrow 12"".15";"Arrow 12"" 2015";12
"Arrow 14"".15";"Arrow 14"" 2015";14
"Arrow 16"".15";"Arrow 16"" 2015";16
"Magic 12"".15";"Magic 12"" 2015";12
"Magic 14"".15";"Magic 14"" 2015";14
"Jet 12"".15";"Jet 12"" 2015";12
"Jet 14"".15";"Jet 14"" 2015";14
"Jet 16"".15";"Jet 16"" 2015";16
"Jet 18"".15";"Jet 18"" 2015";18
"Flash 12"".15";"Flash 12"" 2015";12
"Flash 14"".15";"Flash 14"" 2015";14
"Flash 16"".15";"Flash 16"" 2015";16
"Flash 18"".15";"Flash 18"" 2015";18
"Fortune 16"".15";"Fortune 16"" 2015";16
"Navigator-130 Gent 26"" 1-sp.15";Navigator 130 Gent 1-ск 2015;26
"Navigator-130 Gent 26"" 3-sp.15";Navigator 130 Gent 3-ск 2015;26
"Navigator-130 Lady 26"" 1-sp.15";Navigator 130 Lady 1-ск 2015;26
"Navigator-130 Lady 26"" 3-sp.15";Navigator 130 Lady 3-ск 2015;26
"Navigator-290 26"".15";Navigator 290 2015;26
"Navigator-700 V 26"".15";Navigator 700 2015;26
"Navigator-800 V 26"".15";Navigator 800 2015;26
"Energy-I 26"".15";Energy-I 2015;26
"Energy-II 26"".15";Energy-II 2015;26
"Energy-III 26"".15";Energy-III 2015;26
"Miss-7000 V 26"".15";Miss 7000 2015;26
"Navigator-150 Gent 26"" 1-sp.15";Navigator 150 Gent 1-ск 2015;26
"Navigator-150 Gent 26"" 3-sp.15";Navigator 150 Gent 3-ск 2015;26
"Navigator-150 Lady 26"" 1-sp.15";Navigator 150 Lady 1-ск 2015;26
"Navigator-150 Lady 26"" 3-sp.15";Navigator 150 Lady 3-ск 2015;26
"Navigator-270 26"".15";Navigator 270 2015;26
"Navigator-210 Gent 26"".15";Navigator 210 Gent 2015;26
"Navigator-210 Lady 26"".15";Navigator 210 Lady 2015;26
"Navigator-300 Gent 28"" (производство).15";Navigator 300 Gent 2015;28
"Navigator-300 Lady 28"" (производство).15";Navigator 300 Lady 2015;28
"Navigator-310 Gent 28"".15";Navigator 310 Gent 2015;28
"Navigator-310 Lady 28"".15";Navigator 310 Lady 2015;28
"Navigator-340 Lady 28"".15";Navigator 340 Lady 2015;28
"Navigator-350 Gent 28"".15";Navigator 350 Gent 2015;28
"Navigator-350 Lady 28"".15";Navigator 350 Lady 2015;28
"Navigator-380 Gent 28"".15";Navigator 380 Gent 2015;28
"Navigator-380 Lady 28"".15";Navigator 380 Lady 2015;28
"Navigator-250 Gent 26"".15";Navigator 250 Gent 2015;26
"Navigator-250 Lady 26"".15";Navigator 250 Lady 2015;26
"Pilot-230 Gent 20"".15";Pilot 230 Boy 2015;20
"Pilot-230 Lady 20"".15";Pilot 230 Girl 2015;20
"Navigator-400 V 24"".15";Navigator 400 2015;24
"Navigator-410 V 24"".15";Navigator 410 2015;24
"Navigator-420 V 24"".15";Navigator 420 2015;24
"Navigator-430 V 24"".15";Navigator 430 2015;24
"Navigator-440 V 24"".15";Navigator 440 2015;24
"Navigator-450 V 24"".15";Navigator 450 2015;24
"Navigator-470 MD 24"".15";Navigator 470 Disc 2015;24
"Navigator-470 V 24"".15";Navigator 470 2015;24
"Navigator-490 MD 24"".15";Navigator 490 Disc 2015;24
"Challenger V 24"".15";"Challenger 24"" 2015";24
"Navigator-460 V 24"".15";Navigator 460 2015;24
"Pilot-220 Gent 20"".15";Pilot 220 Girl 2015;20
"Pilot-830 24"".15";Pilot 830 2015;24
"Mustang V 24"".15";Mustang 2015;24
"Pilot-280 20"".15";Pilot 280 2015;20
"Navigator-480 MD 24"".15";Navigator 480 Disc 2015;24
"Pilot-310 20"" (производство).15";Pilot 310 2015;20
"Pilot-350 20"".15";Pilot 350 2015;20
"Pilot-410 20"" (производство).15";Pilot 410 2015;20
"Pilot-430 20"".15";Pilot 430 2015;20
"Pilot-450 20"".15";Pilot 450 2015;20
"Pilot-710 24"" (производство).15";Pilot 710 2015;24
"Pilot-730 24"".15";Pilot 730 2015;24
"Pilot-750 24"".15";Pilot 750 2015;24
"Pilot-810 24"".15";Pilot 810 2015;24
"Pilot-670 20"".15";Pilot 670 2015;20
"Navigator-500 V 26"".15";Navigator 500 2015;26
"Navigator-510 V 26"".15";Navigator 510 2015;26
"Navigator-530 V 26"".15";Navigator 530 2015;26
"Navigator-550 V 26"".15";Navigator 550 2015;26
"Navigator-570 V 26"".15";Navigator 570 2015;26
"Navigator-600 V 26"".15";Navigator 600 2015;26
"Navigator-610 MD 26"".15";Navigator 610 Disc 2015;26
"Navigator-610 V 26"".15";Navigator 610 2015;26
"Navigator-630 MD 26"".15";Navigator 630 Disc 2015;26
"Navigator-630 V 26"".15";Navigator 630 2015;26
"Navigator-650 MD 26"".15";Navigator 650 Disc 2015;26
"Navigator-650 MD 27.5"".15";Navigator 650 27,5 Disc 2015;27.5
"Navigator-650 V 26"".15";Navigator 650 2015;26
"Navigator-670 MD 26"".15";Navigator 670 Disc 2015;26
"Navigator-690 MD 26"".15";Navigator 690 Disc 2015;26
"Navigator-710 MD 27.5"".15";Navigator 710 Disc 2015;27.5
"Navigator-730 MD 27.5"".15";Navigator 730 Disc 2015;27.5
"Navigator-750 MD 27.5"".15";Navigator 750 Disc 2015;27.5
"Navigator-770 D 27.5"".15";Navigator 770 Disc 2015;27.5
"Navigator-810 MD 26"".15";Navigator 810 Disc 2015;26
"Navigator-810 V 26"".15";Navigator 810 2015;26
"Navigator-830 MD 26"".15";Navigator 830 Disc 2015;26
"Navigator-830 V 26"".15";Navigator 830 2015;26
"Navigator-850 MD 26"".15";Navigator 850 Disc 2015;26
"Navigator-850 V 26"".15";Navigator 850 2015;26
"Navigator-870 D 26"".15";Navigator 870 Disc 2015;26
"Navigator-890 D 26"".15";Navigator 890 Disc 2015;26
"Navigator-900 D 29"".15";Navigator 900 Disc 2015;29
"Navigator-930 D 29"".15";Navigator 930 Disc 2015;29
"Aggressor 26"".15";Aggressor 2015;26
"Navigator-790 D 27.5"".15";Navigator 790 Disc 2015;27.5
"Adrenalin MD 26"".15";Adrenalin Disc 2015;26
"Adrenalin V 26"".15";Adrenalin 2015;26
"Challenger MD 26"".15";Challenger Disc 2015;26
"Challenger V 26"".15";Challenger 2015;26
"Focus V 26"" 18-sp.15";Focus 18-ск 2015;26
"Focus V 26"" 21-sp.15";Focus 21-ск 2015;26
"Navigator V 26"".15";Navigator 2015;26
"Navigator D 26"".15";Navigator Disc 2015;26
"Voyager V 26"".15";Voyager 2015;26
"Tornado MD 26"".15";Tornado Disc 2015;26
"Tornado V 26"".15";Tornado 2015;26
"Miss-5000 V 26"".15";Miss 5000 2015;26
"Miss-6000 V 26"".15";Miss 6000 2015;26
"Miss-6100 V 26"".15";Miss 6100 2015;26
"Miss-6300 V 26"".15";Miss 6300 2015;26
"Miss-6500 V 26"".15";Miss 6500 2015;26
"Miss-6700 MD 26"".15";Miss 6700 Disc 2015;26
"Miss-7100 V 26"".15";Miss 7100 2015;26
"Miss-7300 MD 26"".15";Miss 7300 Disc 2015;26
"Miss-7500 V 26"".15";Miss 7500 2015;26
"Miss-7700 V 26"".15";Miss 7700 2015;26
"Miss-7900 26"".15";Miss 7900 2015;26
"Miss-8100 V 26"".15";Miss 8100 2015;26
"Miss-8300 V 26"".15";Miss 8300 2015;26
"Miss-8500 V 26"".15";Miss 8500 2015;26
"Miss-8700 V 26"".15";Miss 8700 2015;26
"Miss-8900 MD 26"".15";Miss 8900 2015;26
"Miss-9100 V 26"".15";Miss 9100 2015;26
"Miss-9300 V 26"".15";Miss 9300 2015;26
"Miss-9500 MD 26"".15";Miss 9500 Disc 2015;26
"Tyrant 20"".15";Tyrant 2015;20
"Saber S1 20"".15";Saber S1 2015;20
"Saber S2 20"".15";Saber S2 2015;20
