Pilot 110;12
Pilot 170;12
Joy;12
Jet;12
Magic;12
Flash;12
Arrow;12
Flash;14
Magic;14
Joy;14
Jet;14
Arrow;14
Flash;16
Fortune;16
Jet;16
Joy;16
Talisman (chrome);16
Talisman (black);16
Arrow;16
Pilot 110;14
Pilot 170;14
Pilot 110;16
Pilot 120;16
Pilot 130;16
Pilot 140;16
Pilot 150;16
Pilot 160;16
Pilot 170;16
Pilot 180;16
Pilot 190;16
Pilot 130;18
Pilot 140;18
Pilot 160;18
Pilot 170;18
Pilot 190;18
Flash;18
Talisman (black);18
Jet;18
Dolphin;12
Dolphin;14
Dolphin;16
Echo;12
Echo;16
Pilot 170;20
Pilot 200 Boy;20
Pilot 200 Girl;20
Pilot 200 Girl;20
Pilot 210 Boy;20
Pilot 210 Girl;20
Pilot 220 Boy;20
Pilot 220 Girl;20
Pilot 220 Girl;20
Pilot 230 Boy;20
Pilot 230 Girl;20
Pilot 230 Lady;20
Pilot 240 Boy;20
Pilot 240 Girl;20
Pilot 830;24
Pilot 310;20
Pilot 320;20
Pilot 350;20
Pilot 410;20
Pilot 420;20
Pilot 430;20
Pilot 450;20
Pilot 710;24
Pilot 720;24
Pilot 730;24
Pilot 750;24
Pilot 810;24
Navigator 400;24
Navigator 400;24
Navigator 410;24
Navigator 410;24
Navigator 420;24
Navigator 430;24
Navigator 440;24
Navigator 450;24
Navigator 450;24
Navigator 460;24
Navigator 470;24
Navigator 470;24
Navigator 470 Disc;24
Navigator 480;24
Navigator 480 Disc;24
Aggressor;26
Navigator 170 Gent;26
Navigator 170 Lady;26
Navigator 500;26
Navigator 510;26
Navigator 530;26
Navigator 530;26
Navigator 550;26
Navigator 550;26
Navigator 570;26
Navigator 600;26
Navigator 610;26
Navigator 610 Disc;26
Navigator 630;26
Navigator 630 Disc;26
Navigator 650;26
Navigator 650 Disc;26
Navigator 670 Disc;26
Navigator 690;26
Navigator 690 Disc;26
Navigator 700;26
Navigator 710;26
Navigator 710 Disc;26
Navigator 710 Disc;27.5
Navigator 730 Disc;27.5
Navigator 750 Disc;27.5
Navigator 770 Disc;27.5
Navigator 790 Disc;27.5
Navigator 800;26
Navigator 800;26
Navigator 810;26
Navigator 810 Disc;26
Navigator 830;26
Navigator 830 Disc;26
Navigator 850;26
Navigator 850 Disc;26
Navigator 870;26
Navigator 870 Disc;26
Navigator 890 Disc;26
Navigator 900 Disc;29
Navigator 930 Disc;29
Miss 5000;26
Miss 5000;26
Miss 6000;26
Miss 6100;26
Miss 6300;26
Miss 6500;26
Miss 6700;26
Miss 6900;26
Miss 7000;26
Miss 7100;26
Miss 7300;26
Miss 7300 Disc;26
Miss 7500;26
Miss 7700;26
Miss 7900;26
Miss 8100;26
Miss 8300;26
Miss 8500;26
Miss 8700;26
Miss 8900;26
Miss 9100;26
Miss 9300;26
Miss 9500;26
Pilot 250;20
Pilot 240 Lady 1ск;20
Pilot 240 Lady 3ск;20
Pilot 260;20
Pilot 270;20
Pilot 280 Disc;20
Pilot 290;20
Challenger;24
MUSTANG;24
NAVIGATOR 490;24
Challenger;26
CHALLENGER Disc;26
Focus 18-sp;26
Focus 21-sp;26
ADRENALIN;26
ADRENALIN Disc;26
Voyager;26
NAVIGATOR;26
Navigator;26
NAVIGATOR Disc;26
Navigator Disc;26
TORNADO;26
Tornado;26
Tornado Disc;26
TORNADO Disc;26
Navigator 130 Gent 1-sp;26
Navigator 130 Lady 1-sp;26
Navigator 130 Gent 3-sp;26
Navigator 130 Lady 3-sp;26
Navigator 150 Gent 1-sp;26
Navigator 150 Lady 1-sp;26
Navigator 150 Gent 3-sp;26
Navigator 150 Lady 3-sp;26
Cross 110 Lady;28
Cross 110 Gent;28
Cross 130 Gent;28
Cross 130 Lady;28
Cross 150 Gent;28
Cross 150 Lady;28
Cross 170 Gent;28
Cross 170 Lady;28
Navigator 210;26
Navigator 250;26
Navigator 290;26
Navigator 300;28
Navigator 310;28
Navigator 340 Lady;28
Navigator 350;28
Navigator 360;28
Navigator 370;28
Navigator 380;28
Energy I;26
Energy III;26
ENERGY V;26
BMX Tyrant;20
BMX Saber S1;20
BMX Saber S2;20